{
  "dayTimeLocations": {
    "locations": [
      {
        "X": -77080.266,
        "Y": 394535.8,
        "Z": 575.36017
      }
    ],
    "Radius": 15000
  },
  "nightTimeLocations": {
    "locations": [
      {
        "X": -77080.266,
        "Y": 394535.8,
        "Z": 575.36017
      }
    ],
    "Radius": 15000
  }
}